artist,uri,top_genre
Lady Gaga,spotify:artist:1HY2Jd0NmPuamShAr6KMms,art pop
Black Eyed Peas,spotify:artist:1yxSLGMDHlW21z4YXirZDS,dance pop
Beyoncé,spotify:artist:6vWDO969PvNqNYHIOW5v0m,dance pop
Taylor Swift,spotify:artist:06HL4z0CvFAxyc27GXpf02,pop
Kanye West,spotify:artist:5K4W6rqBFWDnAN6FQUkS6x,chicago rap
T.I.,spotify:artist:4OBJLual30L7gRl5UkeRcT,atl hip hop
Britney Spears,spotify:artist:26dSoYclwsYLMAKD3tpOr4,dance pop
Miley Cyrus,spotify:artist:5YGY8feqx7naU7z4HrwZM6,dance pop
Flo Rida,spotify:artist:0jnsk9HBra6NMjO2oANoPY,dance pop
Katy Perry,spotify:artist:6jJ0s89eD6GaHleKKya26X,dance pop
P!nk,spotify:artist:1KCSPY1glIKqW2TotWuXOR,dance pop
Pitbull,spotify:artist:0TnOYISbd1XYRBk9myaseg,dance pop
Ne-Yo,spotify:artist:21E3waRsmPlU7jZsS13rcj,dance pop
Kelly Clarkson,spotify:artist:3BmGtnKgCSGYIUhmivXKWX,dance pop
The Fray,spotify:artist:0zOcE3mg9nS6l3yxt1Y0bK,neo mellow
Jason Mraz,spotify:artist:4phGZZrJZRo4ElhRtViYdl,acoustic pop
Drake,spotify:artist:3TVXtAsR1Inumwj472S9r4,canadian hip hop
Lil Wayne,spotify:artist:55Aa2cqylxrFIXC767Z865,hip hop
Rihanna,spotify:artist:5pKCCKE2ajJHZ9KAiaK11H,barbadian pop
Kings of Leon,spotify:artist:2qk9voo8llSGYcZ6xrBzKx,modern rock
The All-American Rejects,spotify:artist:3vAaWhdBR38Q02ohXqaNHT,modern rock
Keri Hilson,spotify:artist:63wjoROpeh5f11Qm93UiJ1,dance pop
Soulja Boy,spotify:artist:6GMYJwaziB4ekv1Y6wCDWS,atl hip hop
Akon,spotify:artist:0z4gvV4rjIZ9wHck67ucSV,dance pop
T-Pain,spotify:artist:3aQeKQSyrW4qWr35idm0cy,dance pop
Kid Cudi,spotify:artist:0fA0VVWsXO9YnASrzqfmYu,hip hop
Shinedown,spotify:artist:70BYFdaZbEKbeauJ670ysI,alternative metal
Nickelback,spotify:artist:6deZN1bslXzeGvOLaLMOIF,alternative metal
Zac Brown Band,spotify:artist:6yJCxee7QumYr820xdIsjo,contemporary country
Jamie Foxx,spotify:artist:7LnaAXbDVIL75IVPnndf7w,hip hop
3OH!3,spotify:artist:0FWzNDaEu9jdgcYTbcOa4F,dance pop
Jeremih,spotify:artist:3KV3p5EY4AvKxOlhGHORLg,chicago rap
Sean Kingston,spotify:artist:6S0dmVVn4udvppDhZIWxCr,dance pop
Keith Urban,spotify:artist:0u2FHSq3ln94y5Q57xazwf,australian country
Jay Sean,spotify:artist:4pADjHPWyrlAF0FA7joK2H,dance pop
Mariah Carey,spotify:artist:4iHNK0tOyZPYnBU7nGAgpQ,dance pop
Jason Derulo,spotify:artist:07YZf4WDAMNwqr4jfgOZ8y,dance pop
Lady A,spotify:artist:32WkQRZEVKSzVAAYqukAEA,contemporary country
Jason Aldean,spotify:artist:3FfvYsEGaIb52QPXhg4DcH,contemporary country
JAY-Z,spotify:artist:3nFkdlSjzX9mRTtwJOzDYB,east coast hip hop
The Pussycat Dolls,spotify:artist:6wPhSqRtPu1UhRCDX5yaDJ,dance pop
Rascal Flatts,spotify:artist:0a1gHP0HAqALbEyxaD5Ngn,contemporary country
Kevin Rudolf,spotify:artist:0Chxmm4XMM87mJOHvyiUzL,dance pop
Green Day,spotify:artist:7oPftvlwr6VrsViSDV7fJY,permanent wave
Brad Paisley,spotify:artist:13YmWQJFwgZrd4bf5IjMY4,contemporary country
Darius Rucker,spotify:artist:7FY5V3XMwlNBPitEjXowHQ,black americana
Toby Keith,spotify:artist:2bA6fzP0lMAQ4kz6CF61w8,contemporary country
Colby O'Donis,spotify:artist:7fObcBw9VM3x7ntWKCYl0z,pop rap
Eminem,spotify:artist:7dGJo4pcD2V6oG8kP0tJRR,detroit hip hop
Carrie Underwood,spotify:artist:4xFUf1FHVy696Q1JQZMTRj,contemporary country
Kenny Chesney,spotify:artist:3grHWM9bx2E9vwJCdlRv9O,contemporary country
The-Dream,spotify:artist:1W3FSF1BLpY3hlVIgvenLz,dance pop
Dierks Bentley,spotify:artist:7x8nK0m0cP2ksQf0mjWdPS,contemporary country
Coldplay,spotify:artist:4gzpq5DPGxSnKTe4SA8HAU,permanent wave
Colbie Caillat,spotify:artist:6aZyMrc4doVtZyKNilOmwu,dance pop
Daughtry,spotify:artist:5P5FTygHyx2G57oszR3Wot,alternative metal
Jordin Sparks,spotify:artist:2AQjGvtT0pFYfxR3neFcvz,dance pop
Billy Currington,spotify:artist:1By9QBFnjZAoI83BZppHlt,contemporary country
Owl City,spotify:artist:07QEuhtrNmmZ0zEcqE9SF6,indietronica
Linkin Park,spotify:artist:6XyY86QOPPrYVGvF9ch6wz,alternative metal
Justin Bieber,spotify:artist:1uNFoZAHBGtllmzznpCI3s,canadian pop
Shakira,spotify:artist:0EmeFodog0BfCgMzAIvKQp,colombian pop
Cobra Starship,spotify:artist:2aYJ5LAta2ScCdfLhKgZOY,dance pop
Justin Timberlake,spotify:artist:31TPClRtHm23RisEBtV3X7,dance pop
Young Money,spotify:artist:5OrB6Jhhrl9y2PK0pSV4VP,dance pop
David Cook,spotify:artist:4SQxI8xg6LcSWL3KuGVHLa,idol
The Veronicas,spotify:artist:1dIdBZaaHRW2bDTkHNfWln,australian pop
Boys Like Girls,spotify:artist:0vWCyXMrrvMlCcepuOJaGI,neo mellow
Sugarland,spotify:artist:0hYxQe3AK5jBPCr5MumLHD,contemporary country
Asher Roth,spotify:artist:1wgY8huggK60P5nvYrwcYT,alternative hip hop
Maxwell,spotify:artist:2AOt5htsbtyaHd5Eq3kl3j,contemporary r&b
Leona Lewis,spotify:artist:5lKZWd6HiSCLfnDGrq9RAm,british soul
George Strait,spotify:artist:5vngPClqofybhPERIqQMYd,contemporary country
Rob Thomas,spotify:artist:3aBkeBhwadnWMWoVJ2CxJC,neo mellow
Ludacris,spotify:artist:3ipn9JLAPI5GUEo4y4jcoi,atl hip hop
Iyaz,spotify:artist:5tKXB9uuebKE34yowVaU3C,dance pop
Demi Lovato,spotify:artist:6S2OmqARrzebs0tKUEyXyp,dance pop
New Boyz,spotify:artist:1ZKqrja0WvbSssYNFO3lzs,dance pop
Alicia Keys,spotify:artist:3DiDSECUqqY1AuBP8qtaIa,hip pop
Kristinia DeBarge,spotify:artist:5Z22vlK4DCgDrQgBEqfc8w,dance pop
Blake Shelton,spotify:artist:1UTPBmNbXNTittyMJrNkvw,contemporary country
Mario,spotify:artist:20s0P9QLxGqKuCsGwFsp7w,dance pop
Sammie,spotify:artist:4p07QU02SrLsaORo25h2Lg,contemporary r&b
Montgomery Gentry,spotify:artist:3bGXaFVQLASmDMdjjeJr8a,contemporary country
The Ting Tings,spotify:artist:2wvUfjKGoXvcnDHq7GgMOa,alternative dance
Pleasure P,spotify:artist:6dROiL44pIQZVNZ6Bc0OJO,hip pop
Plain White T's,spotify:artist:1g1yxsNVPhMUl9GrMjEb2o,neo mellow
Fabolous,spotify:artist:0YWxKQj2Go9CGHCp77UOyy,dance pop
Jesse McCartney,spotify:artist:2Hjj68yyUPiC0HKEOigcEp,dance pop
Trey Songz,spotify:artist:2iojnBLj0qIMiKPvVhLnsH,dance pop
Theory of a Deadman,spotify:artist:74eX4C98E4FCrAMl39qRsJ,alternative metal
Alan Jackson,spotify:artist:4mxWe1mtYIYfP040G38yvS,country
LMFAO,spotify:artist:3sgFRtyBnxXD5ESfmbK4dl,dance pop
50 Cent,spotify:artist:3q7HBObVc0L8jNeTe5Gofh,east coast hip hop
Dorrough Music,spotify:artist:5MAp6rMiUJjRLXMWtArXRS,dfw rap
Kellie Pickler,spotify:artist:021hNAnkFIbyFyL97br6NB,contemporary country
David Guetta,spotify:artist:1Cs0zKBU1kc0i8ypK3B9ai,big room
Tim McGraw,spotify:artist:6roFdX1y5BYSbp60OTJWMd,contemporary country
Ciara,spotify:artist:2NdeV5rLm47xAvogXrYhJX,dance pop
Saving Abel,spotify:artist:2AVVj8ezW2mJ0v8u7XydiF,alternative metal
Nicki Minaj,spotify:artist:0hCNtLu0JehylgoiP8L4Gh,dance pop
Adele,spotify:artist:4dpARuHxo51G3z768sgnrY,british soul
Maroon 5,spotify:artist:04gDigrS5kc9YWfZHwBETP,pop
fun.,spotify:artist:5nCi3BB41mBaMH9gfr6Su0,baroque pop
Carly Rae Jepsen,spotify:artist:6sFIWsNpZYqfjUpaCgueju,canadian pop
One Direction,spotify:artist:4AK6F7OLvEQ5QYCBNiQWHq,boy band
Gotye,spotify:artist:2AsusXITU8P25dlRNhcAbG,australian pop
The Wanted,spotify:artist:2NhdGz9EDv2FeUw6udu2g1,boy band
Chris Brown,spotify:artist:7bXgB6jMjp9ATFy66eO08Z,dance pop
Ellie Goulding,spotify:artist:0X2BH1fck6amBIoJhDVmmJ,dance pop
Usher,spotify:artist:23zg3TcAtWQy7J6upgbUnj,atl hip hop
Calvin Harris,spotify:artist:7CajNmpbOovFoOoasH2HaY,dance pop
Bruno Mars,spotify:artist:0du5cEVh5yTK9QJze8zA0C,dance pop
Train,spotify:artist:3FUY2gzHeIiaesXtOAdB7A,dance pop
Wiz Khalifa,spotify:artist:137W8MRPWKqSmrBGDBFSop,dance pop
Luke Bryan,spotify:artist:0BvkDsjIUla7X0k6CSWh1I,contemporary country
Big Sean,spotify:artist:0c173mlxpT3dSFRgMO8XPh,detroit hip hop
Tyga,spotify:artist:5LHRHt1k9lMyONurDHEdrp,dance pop
Neon Trees,spotify:artist:0RpddSzUHfncUWNJXKOsjy,indie poptimism
Gym Class Heroes,spotify:artist:4IJczjB0fJ04gs4uvP0Fli,dance pop
Alex Clare,spotify:artist:5Tf4EH8tDvznnjULcFxkIl,modern alternative rock
2 Chainz,spotify:artist:17lzZA2AlOHwCwFALHttmp,atl hip hop
Eric Church,spotify:artist:2IvkS5MXK0vPGnwyJsrEyV,contemporary country
Kimbra,spotify:artist:6hk7Yq1DU9QcCCrz9uc0Ti,bergen indie
J. Cole,spotify:artist:6l3HvQ5sa6mXTsMTB19rO5,conscious hip hop
Sia,spotify:artist:5WUlDfRSoLAfcVSX1WnrxN,australian dance
B.o.B,spotify:artist:5ndkK3dpZLKtBklKjxNQwT,atl hip hop
Jessie J,spotify:artist:2gsggkzM5R49q6jpPvazou,dance pop
Hunter Hayes,spotify:artist:7H6dkUChT5EoOQtUVMg4cN,contemporary country
Janelle Monáe,spotify:artist:6ueGR6SWhUJfvEhqkvMsVs,afrofuturism
PSY,spotify:artist:2dd5mrQZvg6SmahdgVKDzh,k-pop
Lee Brice,spotify:artist:5Zq7R5qmi58ByYyBQTlNuk,contemporary country
Phillip Phillips,spotify:artist:6p5JxpTc7USNnBnLzctyd4,folk-pop
Karmin,spotify:artist:4M0DLz8te9Q1lNIXBBwvfG,dance pop
Miranda Lambert,spotify:artist:66lH4jAE7pqPlOlzUKbwA0,contemporary country
Cher Lloyd,spotify:artist:4m4SfDVbF5wxrwEjDKgi4k,dance pop
Gavin DeGraw,spotify:artist:5DYAABs8rkY9VhwtENoQCz,neo mellow
Glee Cast,spotify:artist:0SCbttzoZTnLFebDYmAWCm,glee club
Jake Owen,spotify:artist:1n2pb9Tsfe4SwAjmUac6YT,contemporary country
Little Big Town,spotify:artist:3CygdxquGHurS7f9LjNLkv,contemporary country
The Lumineers,spotify:artist:16oZKvXb6WkQlVAjwo2Wbg,folk-pop
Imagine Dragons,spotify:artist:53XhwfbYqKCa1cC15pYq2q,modern rock
Mumford & Sons,spotify:artist:3gd8FJtBJtkRxdfbTu19U2,modern folk rock
The Band Perry,spotify:artist:75FnCoo4FBxH5K1Rrx0k5A,contemporary country
Kip Moore,spotify:artist:2hJPr4lk7Q8SSvCVBl9fWM,contemporary country
Miguel,spotify:artist:360IAlyVv4PCEVjgyMZrxK,dance pop
Kirko Bangz,spotify:artist:2r8r62VGJKGi463aH1HJUZ,dirty south rap
Christina Aguilera,spotify:artist:1l7ZsJRRS8wlW3WfJfPfNS,dance pop
Kesha,spotify:artist:6LqNN22kT3074XbTVUrhzX,dance pop
Selena Gomez & The Scene,spotify:artist:6dJeKm76NjfXBNTpHmOhfO,dance pop
Christina Perri,spotify:artist:7H55rcKCfwqkyDFH9wpKM6,dance pop
Ca$h Out,spotify:artist:7Kp7SzuRuNiPFCy7JIwnLx,atl hip hop
Eli Young Band,spotify:artist:6eKWqnckwdIlSnjaYgIyxv,contemporary country
Foster The People,spotify:artist:7gP3bB2nilZXLfPHJhMdvc,indietronica
Of Monsters and Men,spotify:artist:4dwdTW1Lfiq0cM8nBAqIIz,folk-pop
Future,spotify:artist:1RyvyyTE3xzB2ZywiAwp0i,atl hip hop
Love and Theft,spotify:artist:03a5eVjzFyQlR4XyVSwt4t,contemporary country
Josh Turner,spotify:artist:7vCtweS8UVAXTyau2j0rDT,contemporary country
Snoop Dogg,spotify:artist:7hJcb9fa4alzcOq3EaNPoG,g funk
Gloriana,spotify:artist:5RjqSn7vYk8Qb9GeLWRRhB,contemporary country
Dustin Lynch,spotify:artist:1dID9zgn0OV0Y8ud7Mh2tS,contemporary country
Wale,spotify:artist:67nwj3Y5sZQLl72VNUHEYE,gangster rap
Rick Ross,spotify:artist:1sBkRIssrMs1AbVkOJbc7a,dirty south rap
Outasight,spotify:artist:1zuG3w1Zgeou53fb3Vu3bO,bossbeat
Frank Ocean,spotify:artist:2h93pZq0e7k5yf4dywlkpM,hip hop
Brantley Gilbert,spotify:artist:5q8HGNo0BjLWaTAhRtbwxa,contemporary country
The Weeknd,spotify:artist:1Xyo4u8uXC1ZmMpatF05PJ,canadian contemporary r&b
Fetty Wap,spotify:artist:6PXS4YHDkKvl1wkIl4V8DL,dance pop
Ed Sheeran,spotify:artist:6eUKZXaKkcviH0Ku9w2n3V,pop
Meghan Trainor,spotify:artist:6JL8zeS1NmiOftqZTRgdTz,dance pop
Mark Ronson,spotify:artist:3hv9jJF3adDNsBSIQDqcjp,dance pop
Sam Smith,spotify:artist:2wY79sveU1sp5g7SokKOiI,dance pop
WALK THE MOON,spotify:artist:6DIS6PRrLS3wbnZsf7vYic,dance rock
Silentó,spotify:artist:7juKTDFlPesGeWQ1GmjmOv,chicago bop
OMI,spotify:artist:5MouCg6ta7zAxsfMEbc1uh,dance pop
Selena Gomez,spotify:artist:0C8ZW7ezQVs4URX5aX7Kqx,dance pop
Nick Jonas,spotify:artist:4Rxn7Im3LGfyRkY2FlHhWi,dance pop
Hozier,spotify:artist:2FXC3k01G6Gw61bmprjgqS,irish singer-songwriter
Fall Out Boy,spotify:artist:4UXqAaa6dQYAk18Lv7PEgX,emo
Tove Lo,spotify:artist:4NHQUGzhtTLFvgF5SZesLK,dance pop
Sam Hunt,spotify:artist:2kucQ9jQwuD8jWdtR9Ef38,contemporary country
Rae Sremmurd,spotify:artist:7iZtZyCzp3LItcw1wtPI3D,hip hop
Ariana Grande,spotify:artist:66CXWjxzNUsdJxJ2JdwvnR,dance pop
Rachel Platten,spotify:artist:3QLIkT4rD2FMusaqmkepbq,dance pop
Charlie Puth,spotify:artist:6VuMaDnrHyPL1p4EHjYLi7,dance pop
Andy Grammer,spotify:artist:2oX42qP5ineK3hrhBECLmj,dance pop
Fifth Harmony,spotify:artist:1l8Fu6IkuTP0U5QetQJ5Xt,dance pop
Shawn Mendes,spotify:artist:7n2wHs1TKAczGzO7Dd2rGr,canadian pop
DJ Snake,spotify:artist:540vIaP2JwjQb9dm3aArA4,dance pop
Florida Georgia Line,spotify:artist:3b8QkneNDz4JHKKKlLgYZg,contemporary country
Rich Homie Quan,spotify:artist:5lHRUCqkQZCIWeX7xG4sYT,atl hip hop
Kendrick Lamar,spotify:artist:2YZyLoL8N0Wb9xBt1NhZWg,conscious hip hop
Thomas Rhett,spotify:artist:6x2LnllRG5uGarZMsD4iO8,contemporary country
Omarion,spotify:artist:0f5nVCcR06GX8Qikz0COtT,dance pop
T-Wayne,spotify:artist:4MIULe6tfg2loNzBy5B9eu,houston rap
Kid Ink,spotify:artist:6KZDXtSj0SzGOV705nNeh3,dance pop
X Ambassadors,spotify:artist:3NPpFNZtSTHheNBaWC82rB,modern alternative rock
R. City,spotify:artist:4TH4BHy0LdBi3dpBW4P2UX,reggae fusion
Natalie La Rose,spotify:artist:2qdONMCoDngQk0eV4Avs1i,None
Meek Mill,spotify:artist:20sxb77xiYeusSH8cVdatc,hip hop
Major Lazer,spotify:artist:738wLrAtLtCtFOLvQBXOXp,dance pop
Brett Eldredge,spotify:artist:0qSX3s5pJnAlSsgsCne8Cz,contemporary country
Vance Joy,spotify:artist:10exVja0key0uqUkk6LJRT,folk-pop
Chris Young,spotify:artist:4BYxqVkZyFjtik7crYLg5Q,contemporary country
Elle King,spotify:artist:3bhu7P5PfngueRHiB9hjcx,modern blues rock
Iggy Azalea,spotify:artist:5yG7ZAZafVaAlMTeBybKAL,australian hip hop
O.T. Genasis,spotify:artist:1Zatb2YN4erBOoSivOXc0o,gangster rap
iLoveMemphis,spotify:artist:3GsIlcwgQDJVjHD82mbA0Z,chicago bop
Cole Swindell,spotify:artist:1mfDfLsMxYcOOZkzBxvSVW,contemporary country
Skrillex,spotify:artist:5he5w2lnU9x7JFhnwcekXX,brostep
MØ,spotify:artist:0bdfiayQAKewqEvaU6rXCv,dance pop
George Ezra,spotify:artist:2ysnwxxNtSgbb9t1m2Ur4j,folk-pop
DeJ Loaf,spotify:artist:7kFfY4UjNdNyaeUgLIEbIF,detroit hip hop
Jidenna,spotify:artist:4TsHKU8l8Wq7n7OPVikirn,ghanaian hip hop
Echosmith,spotify:artist:1PbBg2aYjWLKRk84zJK15x,indie poptimism
Ella Henderson,spotify:artist:7nDsS0l5ZAzMedVRKPP8F1,dance pop
Alessia Cara,spotify:artist:2wUjUUtkb5lvLKcGKsKqsR,canadian contemporary r&b
Mr. Probz,spotify:artist:33W1pnW9zScZtYTnAoWnOT,dutch hip hop
A$AP Rocky,spotify:artist:13ubrt8QOOCPljQ2FL1Kca,east coast hip hop
Chris Janson,spotify:artist:60gmlHZmT16wiO9GiXKYK9,contemporary country
Zedd,spotify:artist:2qxJFvFYMEDqd7ui6kSAcq,complextro
Remy Boyz,spotify:artist:2s0yxtiHiyGe6CY4mbDYFi,None
Paul McCartney,spotify:artist:4STHEaNw4mPZ2tzheohgXB,album rock
James Newton Howard,spotify:artist:2M4eNCvV3CJUswavkhAQg2,orchestral soundtrack
ILOVEMAKONNEN,spotify:artist:3aGFCoR8xGN6DKwvdzeSja,atl hip hop
Post Malone,spotify:artist:246dkjvS1zLTtiykXe5h60,dfw rap
Cardi B,spotify:artist:4kYSro6naA4h99UJvo89HB,dance pop
Camila Cabello,spotify:artist:4nDoRrQiYLoBzwC5BhVJzF,dance pop
XXXTENTACION,spotify:artist:15UsOTVnJzReFVN1VCnxy4,emo rap
Migos,spotify:artist:6oMuImdp5ZcFhWP0ESe6mG,atl hip hop
Juice WRLD,spotify:artist:4MCBfE4596Uoi2O4DtmEMz,chicago rap
Dua Lipa,spotify:artist:6M2wZ9GZgrQXHCFfjv46we,dance pop
Travis Scott,spotify:artist:0Y5tJX1MQlPlqiwlOH1tJY,rap
Halsey,spotify:artist:26VFTg2z8YR0cCuwLzESi2,dance pop
Khalid,spotify:artist:6LuN9FCkKOj5PcnpouEgny,pop
6ix9ine,spotify:artist:7gZfnEnfiaHzxARJ2LeXrf,emo rap
Ella Mai,spotify:artist:7HkdQ0gt53LP4zmHsL0nap,dance pop
Bebe Rexha,spotify:artist:64M6ah0SkkRsnPGtGiRAbb,dance pop
Bazzi,spotify:artist:4GvEc3ANtPPjt1ZJllr5Zl,dance pop
Marshmello,spotify:artist:64KEffDW9EtZ1y2vBYgq8T,brostep
Lil Pump,spotify:artist:3wyVrVrFCkukjdVIdirGVY,emo rap
21 Savage,spotify:artist:1URnnhqYAYcrqrcwql10ft,atl hip hop
NF,spotify:artist:6fOMl44jA4Sp5b9PpYCkzz,hip hop
G-Eazy,spotify:artist:02kJSzxNuaWGqwubyUba0Z,hip hop
Lil Baby,spotify:artist:5f7VJjfbwm532GiveGC0ZK,atl hip hop
Dan + Shay,spotify:artist:7z5WFjZAIYejWy0NI5lv4T,contemporary country
Kane Brown,spotify:artist:3oSJ7TBVCWMDMiYjXNiCKE,black americana
J Balvin,spotify:artist:1vyhD5VmyZ7KMfW5gqLgo5,reggaeton
YoungBoy Never Broke Again,spotify:artist:7wlFDEWiM5OoIAt8RSli8b,baton rouge rap
Rich The Kid,spotify:artist:1pPmIToKXyGdsCF6LmqLmI,atl hip hop
Bad Bunny,spotify:artist:4q3ewBCX7sLwd24euuV69X,reggaeton
5 Seconds of Summer,spotify:artist:5Rl15oVamLq7FbSb0NNBNy,boy band
SZA,spotify:artist:7tYKF4w9nC0nq9CsPZTHyP,pop
Portugal. The Man,spotify:artist:4kI8Ie27vjvonwaB2ePh8T,modern rock
Luke Combs,spotify:artist:718COspgdWOnwOFpJHRZHS,contemporary country
Lauv,spotify:artist:5JZ7CnR6gTvEMKX4g70Amv,pop
Childish Gambino,spotify:artist:73sIBHcqh3Z3NyqHKZ7FOL,atl hip hop
BlocBoy JB,spotify:artist:4TEJudQY2pXxVHPE3gD2EU,memphis hip hop
Maren Morris,spotify:artist:6WY7D3jk8zTrHtmkqqo5GI,contemporary country
Offset,spotify:artist:4DdkRBBYG6Yk9Ka8tdJ9BW,atl hip hop
Kodak Black,spotify:artist:46SHBwWsqBkxI7EeeBEQG7,florida rap
Young Thug,spotify:artist:50co4Is1HCEo8bhOyUWKpn,atl hip hop
Ty Dolla $ign,spotify:artist:7c0XG5cIJTrrAgEC3ULPiq,dance pop
Logic,spotify:artist:4xRYI6VqpkE3UwrDrAZL8L,conscious hip hop
Brett Young,spotify:artist:0fiWOxhsBsQQvFDtxUQWo0,contemporary country
Normani,spotify:artist:2cWZOOzeOm4WmBJRnD5R7I,dance pop
Old Dominion,spotify:artist:6y8XlgIV8BLlIg1tT1R10i,contemporary country
Grey,spotify:artist:4lDBihdpMlOalxy1jkUbPl,pop edm
Famous Dex,spotify:artist:0WOxhx4hikIsyF3CRPLC8W,chicago rap
Lil Uzi Vert,spotify:artist:4O15NlyKLIASxsJ0PrXPfz,melodic rap
Metro Boomin,spotify:artist:0iEtIxbK0KxaSlF7G42ZOp,rap
Daddy Yankee,spotify:artist:4VMYDCV2IEDYJArk749S6m,latin hip hop
Russell Dickerson,spotify:artist:1E2AEtxaFaJtH0lO7kgNKw,contemporary country
Anne-Marie,spotify:artist:1zNqDE7qDGCsyzJwohVaoX,dance pop
Lil Dicky,spotify:artist:1tqhsYv8yBBdwANFNzHtcr,comedy rap
YG,spotify:artist:0A0FS04o6zMoto8OKPsDwY,cali rap
DJ Khaled,spotify:artist:0QHgL1lAIqAw0HtD7YldmP,hip hop
Gucci Mane,spotify:artist:13y7CgLHjMVRMDqxdx0Xdo,atl hip hop
Quavo,spotify:artist:0VRj0yCOv2FXJNP47XQnx5,atl hip hop
The Carters,spotify:artist:4fpTMHe34LC5t3h5ztK8qu,pop
Lil Skies,spotify:artist:7d3WFRME3vBY2cgoP38RDo,melodic rap
Chris Stapleton,spotify:artist:4YLtscXsxbVgi031ovDDdh,contemporary country
MAX,spotify:artist:1bqxdqvUtPWZri43cKHac8,dance pop
Ozuna,spotify:artist:1i8SpTcr7yvPOmcqrbnVXY,puerto rican pop
Panic! At The Disco,spotify:artist:20JZFwl6HVl6yg8a4H3ZqK,modern rock
lovelytheband,spotify:artist:4KJ6jujcNPzOyhdNoiNftp,indie poptimism
A$AP Ferg,spotify:artist:5dHt1vcEm9qb8fCyLcB3HL,gangster rap
Queen Naija,spotify:artist:3nViOFa3kZW8OMSNOzwr98,pop r&b
Olivia Rodrigo,spotify:artist:1McMsnEElThX1knmY4oliG,pop
Doja Cat,spotify:artist:5cj0lLjcoR7YOSnhnX0Po5,dance pop
BTS,spotify:artist:3Nrfpe0tUJi4K4DXYWgMUX,k-pop
Lil Nas X,spotify:artist:7jVv8c5Fj3E9VhNjxT4snq,lgbtq+ hip hop
Morgan Wallen,spotify:artist:4oUHIQIBe0LHzYfvXNW4QM,contemporary country
The Kid LAROI,spotify:artist:2tIP7SsRs7vjIcLrU85W8J,australian hip hop
Pop Smoke,spotify:artist:0eDvMgVFoNV3TpwtrVCoTj,brooklyn drill
Megan Thee Stallion,spotify:artist:181bsRPaVXVlUKXrxwZfHK,dance pop
DaBaby,spotify:artist:4r63FhuTkUYltbVAg5TQnk,north carolina hip hop
Billie Eilish,spotify:artist:6qqNVTkY8uBg9cP3Jd7DAH,art pop
Moneybagg Yo,spotify:artist:3tJoFztHeIJkJWMrx0td2f,hip hop
Lil Durk,spotify:artist:3hcs9uc56yIGFCSy9leWe7,chicago drill
Polo G,spotify:artist:6AgTAQt8XS6jRWi4sX7w49,chicago rap
24kGoldn,spotify:artist:6fWVd57NKTalqvmjRd2t8Z,cali rap
Giveon,spotify:artist:4fxd5Ee7UefO4CUXgwJ7IP,pop
Glass Animals,spotify:artist:4yvcSjfu4PC0CYQyLy4wSq,gauze pop
Masked Wolf,spotify:artist:1uU7g3DNSbsu0QjSEqZtEd,australian hip hop
Gabby Barrett,spotify:artist:6Iz3eq2aQGFf7TbGT2iahL,contemporary country
Jack Harlow,spotify:artist:2LIk90788K0zvyj2JJVwkJ,deep underground hip hop
Rod Wave,spotify:artist:45TgXXqMDdF8BkjA83OM7z,florida rap
Anderson .Paak,spotify:artist:3jK9MiCrA42lLAdMGUZpwa,escape room
Walker Hayes,spotify:artist:7sKxqpSqbIzphAKAhrqvlf,contemporary country
Tate McRae,spotify:artist:45dkTj5sMRSjrmBSBeiHym,pop
AJR,spotify:artist:6s22t5Y3prQHyaHWUN1R1C,modern rock
Saweetie,spotify:artist:6cK3NBO6uP7hh0oyuVELFl,cali rap
blackbear,spotify:artist:2cFrymmkijnjDg9SS92EPM,pop
Roddy Ricch,spotify:artist:757aE44tKEUQEqRuT6GnEB,melodic rap
Pooh Shiesty,spotify:artist:5F1aAS1duwlzExnPs3l2Xe,memphis hip hop
Ava Max,spotify:artist:4npEfmQ6YuiwW1GpUmaq3F,dance pop
Lil Tjay,spotify:artist:6jGMq4yGs7aQzuGsMgVgZR,brooklyn drill
Kali Uchis,spotify:artist:1U1el3k54VvEUzo3ybLPlM,colombian pop
CJ,spotify:artist:7arQA31aZVS8yS6zUveWzb,nyc rap
H.E.R.,spotify:artist:3Y7RZ31TRPVadSFVy1o8os,pop
Machine Gun Kelly,spotify:artist:6TIYQ3jFPwQSRmorSezPxX,ohio hip hop
iann dior,spotify:artist:6ASri4ePR7RlsvIQgWPJpS,melodic rap
Måneskin,spotify:artist:0lAWpj5szCSwM4rUMHYmrr,indie rock italiano
Jordan Davis,spotify:artist:77kULmXAQ6vWer7IIHdGzI,contemporary country
Gunna,spotify:artist:2hlmm7s2ICUX0LVIhVFlZQ,atl hip hop
Jhayco,spotify:artist:6nVcHLIgY5pE2YCl8ubca1,reggaeton
Harry Styles,spotify:artist:6KImCVD70vtIoJWnq6nGn3,pop
Yung Bleu,spotify:artist:3KNIG74xSTc3dj0TRy7pGX,alabama rap
SpotemGottem,spotify:artist:3Y2MLcrD3ZQXRXmtn4fZQx,florida rap
Mooski,spotify:artist:4NqH3V7GS0Igs1VyGMXEi8,alabama rap
Duncan Laurence,spotify:artist:3klZnJvYGIbWritVwQD434,dutch pop
Niko Moon,spotify:artist:6Rw7DRa1dzChBvxGPCpOxU,contemporary country
Andy Williams,spotify:artist:4sj6D0zlMOl25nprDJBiU9,adult standards
Brenda Lee,spotify:artist:4cPHsZM98sKzmV26wlwD2W,adult standards
Ritt Momney,spotify:artist:7MPGCB854Qo4alYMOPkBka,bedroom pop
Rauw Alejandro,spotify:artist:1mcTU81TzQhprhouKaTkpq,puerto rican pop
Morray,spotify:artist:44vREmJC0OlVZjZaGLqVEd,pop rap
Lainey Wilson,spotify:artist:6tPHARSq45lQ8BSALCfkFC,contemporary country
Wizkid,spotify:artist:3tVQdUvClmAT7URs9V3rsp,afro dancehall
BRS Kash,spotify:artist:5jJjvmEwRr8epuGZq4eUUa,None
Farruko,spotify:artist:329e4yvIujISKGKz1BZZbO,latin hip hop
Ryan Hurd,spotify:artist:7lDVEkjIURPMyUYwoQRrpw,contemporary country
Lewis Capaldi,spotify:artist:4GNC7GD6oZMSxPGyXy4MNB,pop
Tai Verdes,spotify:artist:2kCO8LXN1usaOPL3iEE28I,modern indie pop
Coi Leray,spotify:artist:6AMd49uBDJfhf30Ak2QR5s,new jersey underground rap
